{
  "attack_1. FC Heidenheim": -0.16949182642656188,
  "defense_1. FC Heidenheim": 0.3612462954279994,
  "attack_1899 Hoffenheim": 0.05330737493770864,
  "defense_1899 Hoffenheim": 0.44433447942465204,
  "attack_AC Milan": 0.28329806914824995,
  "defense_AC Milan": 0.009144201146835645,
  "attack_AS Roma": 0.172004460006731,
  "defense_AS Roma": -0.20860753493613393,
  "attack_Alaves": -0.23071624588490078,
  "defense_Alaves": 0.08425938282815229,
  "attack_Angers": -0.3227592528179268,
  "defense_Angers": 0.19890407576160984,
  "attack_Arsenal": 0.3436537595576635,
  "defense_Arsenal": -0.3211434218456124,
  "attack_Aston Villa": 0.18818465142127047,
  "defense_Aston Villa": 0.0778078617253367,
  "attack_Atalanta": 0.5398451745882267,
  "defense_Atalanta": -0.11864201926331706,
  "attack_Athletic Club": 0.10753575006362688,
  "defense_Athletic Club": -0.37032727772021673,
  "attack_Atletico Madrid": 0.33745942277012714,
  "defense_Atletico Madrid": -0.32773735662903036,
  "attack_Auxerre": 0.08946709915258717,
  "defense_Auxerre": 0.20442059904561274,
  "attack_Barcelona": 0.747346634873662,
  "defense_Barcelona": -0.033409648585258044,
  "attack_Bayer Leverkusen": 0.4774736681924016,
  "defense_Bayer Leverkusen": 0.03955958105476823,
  "attack_Bayern M\u00fcnchen": 0.7736570122990827,
  "defense_Bayern M\u00fcnchen": -0.24293521441394847,
  "attack_Bologna": 0.23113735437643948,
  "defense_Bologna": 0.10391215631608314,
  "attack_Borussia Dortmund": 0.4717045733895519,
  "defense_Borussia Dortmund": 0.1903188268077153,
  "attack_Borussia M\u00f6nchengladbach": 0.21299867723910085,
  "defense_Borussia M\u00f6nchengladbach": 0.26874475152857125,
  "attack_Bournemouth": 0.1948845443205272,
  "defense_Bournemouth": -0.035813847764373456,
  "attack_Brentford": 0.3427213831928482,
  "defense_Brentford": 0.20441473603205434,
  "attack_Brighton": 0.35036135230512255,
  "defense_Brighton": 0.23774025087120979,
  "attack_Cagliari": -0.10268111257493655,
  "defense_Cagliari": 0.23461734134426343,
  "attack_Celta Vigo": 0.21688405479272746,
  "defense_Celta Vigo": 0.2979220656221398,
  "attack_Chelsea": 0.27746310110490374,
  "defense_Chelsea": -0.08735231123750879,
  "attack_Como": 0.07697117942760283,
  "defense_Como": 0.17484980468207595,
  "attack_Crystal Palace": 0.06839010878835158,
  "defense_Crystal Palace": 0.06661707814251183,
  "attack_Eintracht Frankfurt": 0.40615031272224233,
  "defense_Eintracht Frankfurt": 0.08133761359468852,
  "attack_Empoli": -0.2849210584465156,
  "defense_Empoli": 0.28472253539649434,
  "attack_Espanyol": -0.1577336304807577,
  "defense_Espanyol": 0.15868457827057963,
  "attack_Everton": -0.11713077061206775,
  "defense_Everton": -0.09362383319256262,
  "attack_FC Augsburg": -0.23284768296332614,
  "defense_FC Augsburg": 0.15689111293836863,
  "attack_FC St. Pauli": -0.47166150137394225,
  "defense_FC St. Pauli": -0.10001039598080647,
  "attack_FSV Mainz 05": 0.20848510236777465,
  "defense_FSV Mainz 05": -0.008662528506921481,
  "attack_Fiorentina": 0.26953729761501877,
  "defense_Fiorentina": -0.041408928672506,
  "attack_Fulham": 0.1374045859022333,
  "defense_Fulham": 0.11677542901978342,
  "attack_Genoa": -0.20090031178770648,
  "defense_Genoa": 0.10014158598362013,
  "attack_Getafe": -0.331092454349812,
  "defense_Getafe": -0.13612344113305833,
  "attack_Girona": -0.06384032362807368,
  "defense_Girona": 0.3304524440020509,
  "attack_Hellas Verona": -0.26012465935524604,
  "defense_Hellas Verona": 0.3843968810465656,
  "attack_Holstein Kiel": 0.11771359803555696,
  "defense_Holstein Kiel": 0.6121164621421539,
  "attack_Inter": 0.5256599913217241,
  "defense_Inter": -0.19462188206893505,
  "attack_Ipswich": -0.23611994467472944,
  "defense_Ipswich": 0.5091176755803478,
  "attack_Juventus": 0.23543341498208792,
  "defense_Juventus": -0.19016854298418062,
  "attack_Las Palmas": -0.15415640003332706,
  "defense_Las Palmas": 0.33301332001006434,
  "attack_Lazio": 0.29440268278827136,
  "defense_Lazio": 0.13439001055935998,
  "attack_Le Havre": -0.07011037448303271,
  "defense_Le Havre": 0.5097276080755387,
  "attack_Lecce": -0.5039599397729098,
  "defense_Lecce": 0.24699996602738822,
  "attack_Leganes": -0.17897093241088222,
  "defense_Leganes": 0.263187619132335,
  "attack_Leicester": -0.3336734338722083,
  "defense_Leicester": 0.48939832224945384,
  "attack_Lens": -0.06808275566744287,
  "defense_Lens": -0.08430226482729822,
  "attack_Lille": 0.15151861917681775,
  "defense_Lille": -0.14241159085696656,
  "attack_Liverpool": 0.577959491839458,
  "defense_Liverpool": -0.12060438111247708,
  "attack_Lyon": 0.3840376639443149,
  "defense_Lyon": 0.1250522578131292,
  "attack_Mallorca": -0.29964420644105066,
  "defense_Mallorca": -0.0007679432745479689,
  "attack_Manchester City": 0.4020552070224094,
  "defense_Manchester City": -0.05586451065986816,
  "attack_Manchester United": -0.06442829043347678,
  "defense_Manchester United": 0.11092247527593509,
  "attack_Marseille": 0.5275077686769858,
  "defense_Marseille": 0.14161742019303897,
  "attack_Metz": 0.5539528452416711,
  "defense_Metz": 0.12193533642994496,
  "attack_Monaco": 0.3599207793432152,
  "defense_Monaco": 0.010722369989716849,
  "attack_Montpellier": -0.610701684849378,
  "defense_Montpellier": 0.5788293163642196,
  "attack_Monza": -0.44159422889920863,
  "defense_Monza": 0.42596018059899055,
  "attack_Nantes": -0.10943667905193162,
  "defense_Nantes": 0.2090988194968167,
  "attack_Napoli": 0.22514680054756425,
  "defense_Napoli": -0.4516945064396775,
  "attack_Newcastle": 0.34870276699861197,
  "defense_Newcastle": -0.00789833432041036,
  "attack_Nice": 0.3985442779984652,
  "defense_Nice": 0.0069274415689824795,
  "attack_Nottingham Forest": 0.17164916936491997,
  "defense_Nottingham Forest": -0.03741370294060713,
  "attack_Osasuna": 0.019765941299601013,
  "defense_Osasuna": 0.2003565732836715,
  "attack_Paris Saint Germain": 0.7211873469036579,
  "defense_Paris Saint Germain": -0.11949307981748622,
  "attack_Parma": 0.006678881244059846,
  "defense_Parma": 0.287941125486739,
  "attack_RB Leipzig": 0.1833422554519287,
  "defense_RB Leipzig": 0.12563539780124533,
  "attack_Rayo Vallecano": -0.15700537332283485,
  "defense_Rayo Vallecano": 0.03583672173992966,
  "attack_Real Betis": 0.18632981854625683,
  "defense_Real Betis": 0.17084668128347488,
  "attack_Real Madrid": 0.4908202776092185,
  "defense_Real Madrid": -0.08187253937648621,
  "attack_Real Sociedad": -0.29804856090697157,
  "defense_Real Sociedad": 0.054894583146117955,
  "attack_Reims": -0.2640886884223303,
  "defense_Reims": 0.09140829430309112,
  "attack_Rennes": 0.14080979517258926,
  "defense_Rennes": 0.16738185218507726,
  "attack_SC Freiburg": 0.08843375085083709,
  "defense_SC Freiburg": 0.21257039373790967,
  "attack_SV Elversberg": -0.026842656163580583,
  "defense_SV Elversberg": 0.7901072725388911,
  "attack_Saint Etienne": -0.09249235473797655,
  "defense_Saint Etienne": 0.5825255464835433,
  "attack_Sevilla": -0.12144984709663242,
  "defense_Sevilla": 0.24180656820889615,
  "attack_Southampton": -0.5544455026188168,
  "defense_Southampton": 0.546746018372205,
  "attack_Stade Brestois 29": 0.1819712134373726,
  "defense_Stade Brestois 29": 0.35336560828796754,
  "attack_Strasbourg": 0.23950042852266243,
  "defense_Strasbourg": 0.07050956655892913,
  "attack_Torino": -0.15535781664680742,
  "defense_Torino": 0.017196445360981603,
  "attack_Tottenham": 0.31354822407989724,
  "defense_Tottenham": 0.2950038955461817,
  "attack_Toulouse": 0.004516239280222175,
  "defense_Toulouse": 0.02446628922241437,
  "attack_Udinese": -0.08845543201815884,
  "defense_Udinese": 0.24971720146433796,
  "attack_Union Berlin": -0.20525838314289035,
  "defense_Union Berlin": 0.12615762528329752,
  "attack_Valencia": -0.06083844664956621,
  "defense_Valencia": 0.2270424591155394,
  "attack_Valladolid": -0.5468326815257182,
  "defense_Valladolid": 0.712818098589828,
  "attack_Venezia": -0.31938221283434376,